round,sample_id,status,characters,http_status,collected_at,raw_hash_matches,error_reason,run_id
1,P01,match,2806,200,2026-10-06T18:11:14.460125+00:00,True,,repeat-20261006T181111Z-r1-p01
1,P02,match,3438,200,2026-10-06T18:11:31.212514+00:00,True,,repeat-20261006T181111Z-r1-p02
1,P03,match,143,200,2026-10-06T18:11:33.384577+00:00,True,,repeat-20261006T181111Z-r1-p03
1,P04,match,1826,200,2026-10-06T18:11:35.375635+00:00,True,,repeat-20261006T181111Z-r1-p04
1,P05,match,392,200,2026-10-06T18:11:37.679890+00:00,True,,repeat-20261006T181111Z-r1-p05
2,P01,match,2806,200,2026-10-06T18:21:40.050065+00:00,True,,repeat-20261006T181111Z-r2-p01
2,P02,match,3438,200,2026-10-06T18:21:57.052419+00:00,True,,repeat-20261006T181111Z-r2-p02
2,P03,match,143,200,2026-10-06T18:21:59.171590+00:00,True,,repeat-20261006T181111Z-r2-p03
2,P04,match,1826,200,2026-10-06T18:22:01.386506+00:00,True,,repeat-20261006T181111Z-r2-p04
2,P05,match,392,200,2026-10-06T18:22:03.483511+00:00,True,,repeat-20261006T181111Z-r2-p05
3,P01,match,2806,200,2026-10-06T18:32:06.128957+00:00,True,,repeat-20261006T181111Z-r3-p01
3,P02,match,3438,200,2026-10-06T18:32:22.779809+00:00,True,,repeat-20261006T181111Z-r3-p02
3,P03,match,143,200,2026-10-06T18:32:25.324105+00:00,True,,repeat-20261006T181111Z-r3-p03
3,P04,match,1826,200,2026-10-06T18:32:27.056082+00:00,True,,repeat-20261006T181111Z-r3-p04
3,P05,match,392,200,2026-10-06T18:32:29.284388+00:00,True,,repeat-20261006T181111Z-r3-p05
